dexnum,name,generation,type1,type2
1,Bulbasaur,1,Grass,Poison
2,Ivysaur,1,Grass,Poison
3,Venusaur,1,Grass,Poison
4,Charmander,1,Fire,
5,Charmeleon,1,Fire,
6,Charizard,1,Fire,Flying
7,Squirtle,1,Water,
8,Wartortle,1,Water,
9,Blastoise,1,Water,
10,Caterpie,1,Bug,
11,Metapod,1,Bug,
12,Butterfree,1,Bug,Flying
13,Weedle,1,Bug,Poison
14,Kakuna,1,Bug,Poison
15,Beedrill,1,Bug,Poison
16,Pidgey,1,Normal,Flying
17,Pidgeotto,1,Normal,Flying
18,Pidgeot,1,Normal,Flying
19,Rattata,1,Normal,
20,Raticate,1,Normal,
21,Spearow,1,Normal,Flying
22,Fearow,1,Normal,Flying
23,Ekans,1,Poison,
24,Arbok,1,Poison,
25,Pikachu,1,Electric,
26,Raichu,1,Electric,
27,Sandshrew,1,Ground,
28,Sandslash,1,Ground,
29,Nidoran♀,1,Poison,
30,Nidorina,1,Poison,
31,Nidoqueen,1,Poison,Ground
32,Nidoran♂,1,Poison,
33,Nidorino,1,Poison,
34,Nidoking,1,Poison,Ground
35,Clefairy,1,Fairy,
36,Clefable,1,Fairy,
37,Vulpix,1,Fire,
38,Ninetales,1,Fire,
39,Jigglypuff,1,Normal,Fairy
40,Wigglytuff,1,Normal,Fairy
41,Zubat,1,Poison,Flying
42,Golbat,1,Poison,Flying
43,Oddish,1,Grass,Poison
44,Gloom,1,Grass,Poison
45,Vileplume,1,Grass,Poison
46,Paras,1,Bug,Grass
47,Parasect,1,Bug,Grass
48,Venonat,1,Bug,Poison
49,Venomoth,1,Bug,Poison
50,Diglett,1,Ground,
51,Dugtrio,1,Ground,
52,Meowth,1,Normal,
53,Persian,1,Normal,
54,Psyduck,1,Water,
55,Golduck,1,Water,
56,Mankey,1,Fighting,
57,Primeape,1,Fighting,
58,Growlithe,1,Fire,
59,Arcanine,1,Fire,
60,Poliwag,1,Water,
61,Poliwhirl,1,Water,
62,Poliwrath,1,Water,Fighting
63,Abra,1,Psychic,
64,Kadabra,1,Psychic,
65,Alakazam,1,Psychic,
66,Machop,1,Fighting,
67,Machoke,1,Fighting,
68,Machamp,1,Fighting,
69,Bellsprout,1,Grass,Poison
70,Weepinbell,1,Grass,Poison
71,Victreebel,1,Grass,Poison
72,Tentacool,1,Water,Poison
73,Tentacruel,1,Water,Poison
74,Geodude,1,Rock,Ground
75,Graveler,1,Rock,Ground
76,Golem,1,Rock,Ground
77,Ponyta,1,Fire,
78,Rapidash,1,Fire,
79,Slowpoke,1,Water,Psychic
80,Slowbro,1,Water,Psychic
81,Magnemite,1,Electric,Steel
82,Magneton,1,Electric,Steel
83,Farfetch'd,1,Normal,Flying
84,Doduo,1,Normal,Flying
85,Dodrio,1,Normal,Flying
86,Seel,1,Water,
87,Dewgong,1,Water,Ice
88,Grimer,1,Poison,
89,Muk,1,Poison,
90,Shellder,1,Water,
91,Cloyster,1,Water,Ice
92,Gastly,1,Ghost,Poison
93,Haunter,1,Ghost,Poison
94,Gengar,1,Ghost,Poison
95,Onix,1,Rock,Ground
96,Drowzee,1,Psychic,
97,Hypno,1,Psychic,
98,Krabby,1,Water,
99,Kingler,1,Water,
100,Voltorb,1,Electric,
101,Electrode,1,Electric,
102,Exeggcute,1,Grass,Psychic
103,Exeggutor,1,Grass,Psychic
104,Cubone,1,Ground,
105,Marowak,1,Ground,
106,Hitmonlee,1,Fighting,
107,Hitmonchan,1,Fighting,
108,Lickitung,1,Normal,
109,Koffing,1,Poison,
110,Weezing,1,Poison,
111,Rhyhorn,1,Ground,Rock
112,Rhydon,1,Ground,Rock
113,Chansey,1,Normal,
114,Tangela,1,Grass,
115,Kangaskhan,1,Normal,
116,Horsea,1,Water,
117,Seadra,1,Water,
118,Goldeen,1,Water,
119,Seaking,1,Water,
120,Staryu,1,Water,
121,Starmie,1,Water,Psychic
122,Mr. Mime,1,Psychic,Fairy
123,Scyther,1,Bug,Flying
124,Jynx,1,Ice,Psychic
125,Electabuzz,1,Electric,
126,Magmar,1,Fire,
127,Pinsir,1,Bug,
128,Tauros,1,Normal,
129,Magikarp,1,Water,
130,Gyarados,1,Water,Flying
131,Lapras,1,Water,Ice
132,Ditto,1,Normal,
133,Eevee,1,Normal,
134,Vaporeon,1,Water,
135,Jolteon,1,Electric,
136,Flareon,1,Fire,
137,Porygon,1,Normal,
138,Omanyte,1,Rock,Water
139,Omastar,1,Rock,Water
140,Kabuto,1,Rock,Water
141,Kabutops,1,Rock,Water
142,Aerodactyl,1,Rock,Flying
143,Snorlax,1,Normal,
144,Articuno,1,Ice,Flying
145,Zapdos,1,Electric,Flying
146,Moltres,1,Fire,Flying
147,Dratini,1,Dragon,
148,Dragonair,1,Dragon,
149,Dragonite,1,Dragon,Flying
150,Mewtwo,1,Psychic,
151,Mew,1,Psychic,
152,Chikorita,2,Grass,
153,Bayleef,2,Grass,
154,Meganium,2,Grass,
155,Cyndaquil,2,Fire,
156,Quilava,2,Fire,
157,Typhlosion,2,Fire,
158,Totodile,2,Water,
159,Croconaw,2,Water,
160,Feraligatr,2,Water,
161,Sentret,2,Normal,
162,Furret,2,Normal,
163,Hoothoot,2,Normal,Flying
164,Noctowl,2,Normal,Flying
165,Ledyba,2,Bug,Flying
166,Ledian,2,Bug,Flying
167,Spinarak,2,Bug,Poison
168,Ariados,2,Bug,Poison
169,Crobat,2,Poison,Flying
170,Chinchou,2,Water,Electric
171,Lanturn,2,Water,Electric
172,Pichu,2,Electric,
173,Cleffa,2,Fairy,
174,Igglybuff,2,Normal,Fairy
175,Togepi,2,Fairy,
176,Togetic,2,Fairy,Flying
177,Natu,2,Psychic,Flying
178,Xatu,2,Psychic,Flying
179,Mareep,2,Electric,
180,Flaaffy,2,Electric,
181,Ampharos,2,Electric,
182,Bellossom,2,Grass,
183,Marill,2,Water,Fairy
184,Azumarill,2,Water,Fairy
185,Sudowoodo,2,Rock,
186,Politoed,2,Water,
187,Hoppip,2,Grass,Flying
188,Skiploom,2,Grass,Flying
189,Jumpluff,2,Grass,Flying
190,Aipom,2,Normal,
191,Sunkern,2,Grass,
192,Sunflora,2,Grass,
193,Yanma,2,Bug,Flying
194,Wooper,2,Water,Ground
195,Quagsire,2,Water,Ground
196,Espeon,2,Psychic,
197,Umbreon,2,Dark,
198,Murkrow,2,Dark,Flying
199,Slowking,2,Water,Psychic
200,Misdreavus,2,Ghost,
201,Unown,2,Psychic,
202,Wobbuffet,2,Psychic,
203,Girafarig,2,Normal,Psychic
204,Pineco,2,Bug,
205,Forretress,2,Bug,Steel
206,Dunsparce,2,Normal,
207,Gligar,2,Ground,Flying
208,Steelix,2,Steel,Ground
209,Snubbull,2,Fairy,
210,Granbull,2,Fairy,
211,Qwilfish,2,Water,Poison
212,Scizor,2,Bug,Steel
213,Shuckle,2,Bug,Rock
214,Heracross,2,Bug,Fighting
215,Sneasel,2,Dark,Ice
216,Teddiursa,2,Normal,
217,Ursaring,2,Normal,
218,Slugma,2,Fire,
219,Magcargo,2,Fire,Rock
220,Swinub,2,Ice,Ground
221,Piloswine,2,Ice,Ground
222,Corsola,2,Water,Rock
223,Remoraid,2,Water,
224,Octillery,2,Water,
225,Delibird,2,Ice,Flying
226,Mantine,2,Water,Flying
227,Skarmory,2,Steel,Flying
228,Houndour,2,Dark,Fire
229,Houndoom,2,Dark,Fire
230,Kingdra,2,Water,Dragon
231,Phanpy,2,Ground,
232,Donphan,2,Ground,
233,Porygon2,2,Normal,
234,Stantler,2,Normal,
235,Smeargle,2,Normal,
236,Tyrogue,2,Fighting,
237,Hitmontop,2,Fighting,
238,Smoochum,2,Ice,Psychic
239,Elekid,2,Electric,
240,Magby,2,Fire,
241,Miltank,2,Normal,
242,Blissey,2,Normal,
243,Raikou,2,Electric,
244,Entei,2,Fire,
245,Suicune,2,Water,
246,Larvitar,2,Rock,Ground
247,Pupitar,2,Rock,Ground
248,Tyranitar,2,Rock,Dark
249,Lugia,2,Psychic,Flying
250,Ho-oh,2,Fire,Flying
251,Celebi,2,Psychic,Grass
252,Treecko,3,Grass,
253,Grovyle,3,Grass,
254,Sceptile,3,Grass,
255,Torchic,3,Fire,
256,Combusken,3,Fire,Fighting
257,Blaziken,3,Fire,Fighting
258,Mudkip,3,Water,
259,Marshtomp,3,Water,Ground
260,Swampert,3,Water,Ground
261,Poochyena,3,Dark,
262,Mightyena,3,Dark,
263,Zigzagoon,3,Normal,
264,Linoone,3,Normal,
265,Wurmple,3,Bug,
266,Silcoon,3,Bug,
267,Beautifly,3,Bug,Flying
268,Cascoon,3,Bug,
269,Dustox,3,Bug,Poison
270,Lotad,3,Water,Grass
271,Lombre,3,Water,Grass
272,Ludicolo,3,Water,Grass
273,Seedot,3,Grass,
274,Nuzleaf,3,Grass,Dark
275,Shiftry,3,Grass,Dark
276,Taillow,3,Normal,Flying
277,Swellow,3,Normal,Flying
278,Wingull,3,Water,Flying
279,Pelipper,3,Water,Flying
280,Ralts,3,Psychic,Fairy
281,Kirlia,3,Psychic,Fairy
282,Gardevoir,3,Psychic,Fairy
283,Surskit,3,Bug,Water
284,Masquerain,3,Bug,Flying
285,Shroomish,3,Grass,
286,Breloom,3,Grass,Fighting
287,Slakoth,3,Normal,
288,Vigoroth,3,Normal,
289,Slaking,3,Normal,
290,Nincada,3,Bug,Ground
291,Ninjask,3,Bug,Flying
292,Shedinja,3,Bug,Ghost
293,Whismur,3,Normal,
294,Loudred,3,Normal,
295,Exploud,3,Normal,
296,Makuhita,3,Fighting,
297,Hariyama,3,Fighting,
298,Azurill,3,Normal,Fairy
299,Nosepass,3,Rock,
300,Skitty,3,Normal,
301,Delcatty,3,Normal,
302,Sableye,3,Dark,Ghost
303,Mawile,3,Steel,Fairy
304,Aron,3,Steel,Rock
305,Lairon,3,Steel,Rock
306,Aggron,3,Steel,Rock
307,Meditite,3,Fighting,Psychic
308,Medicham,3,Fighting,Psychic
309,Electrike,3,Electric,
310,Manectric,3,Electric,
311,Plusle,3,Electric,
312,Minun,3,Electric,
313,Volbeat,3,Bug,
314,Illumise,3,Bug,
315,Roselia,3,Grass,Poison
316,Gulpin,3,Poison,
317,Swalot,3,Poison,
318,Carvanha,3,Water,Dark
319,Sharpedo,3,Water,Dark
320,Wailmer,3,Water,
321,Wailord,3,Water,
322,Numel,3,Fire,Ground
323,Camerupt,3,Fire,Ground
324,Torkoal,3,Fire,
325,Spoink,3,Psychic,
326,Grumpig,3,Psychic,
327,Spinda,3,Normal,
328,Trapinch,3,Ground,
329,Vibrava,3,Ground,Dragon
330,Flygon,3,Ground,Dragon
331,Cacnea,3,Grass,
332,Cacturne,3,Grass,Dark
333,Swablu,3,Normal,Flying
334,Altaria,3,Dragon,Flying
335,Zangoose,3,Normal,
336,Seviper,3,Poison,
337,Lunatone,3,Rock,Psychic
338,Solrock,3,Rock,Psychic
339,Barboach,3,Water,Ground
340,Whiscash,3,Water,Ground
341,Corphish,3,Water,
342,Crawdaunt,3,Water,Dark
343,Baltoy,3,Ground,Psychic
344,Claydol,3,Ground,Psychic
345,Lileep,3,Rock,Grass
346,Cradily,3,Rock,Grass
347,Anorith,3,Rock,Bug
348,Armaldo,3,Rock,Bug
349,Feebas,3,Water,
350,Milotic,3,Water,
351,Castform,3,Normal,
352,Kecleon,3,Normal,
353,Shuppet,3,Ghost,
354,Banette,3,Ghost,
355,Duskull,3,Ghost,
356,Dusclops,3,Ghost,
357,Tropius,3,Grass,Flying
358,Chimecho,3,Psychic,
359,Absol,3,Dark,
360,Wynaut,3,Psychic,
361,Snorunt,3,Ice,
362,Glalie,3,Ice,
363,Spheal,3,Ice,Water
364,Sealeo,3,Ice,Water
365,Walrein,3,Ice,Water
366,Clamperl,3,Water,
367,Huntail,3,Water,
368,Gorebyss,3,Water,
369,Relicanth,3,Water,Rock
370,Luvdisc,3,Water,
371,Bagon,3,Dragon,
372,Shelgon,3,Dragon,
373,Salamence,3,Dragon,Flying
374,Beldum,3,Steel,Psychic
375,Metang,3,Steel,Psychic
376,Metagross,3,Steel,Psychic
377,Regirock,3,Rock,
378,Regice,3,Ice,
379,Registeel,3,Steel,
380,Latias,3,Dragon,Psychic
381,Latios,3,Dragon,Psychic
382,Kyogre,3,Water,
383,Groudon,3,Ground,
384,Rayquaza,3,Dragon,Flying
385,Jirachi,3,Steel,Psychic
386,Deoxys,3,Psychic,
387,Turtwig,4,Grass,
388,Grotle,4,Grass,
389,Torterra,4,Grass,Ground
390,Chimchar,4,Fire,
391,Monferno,4,Fire,Fighting
392,Infernape,4,Fire,Fighting
393,Piplup,4,Water,
394,Prinplup,4,Water,
395,Empoleon,4,Water,Steel
396,Starly,4,Normal,Flying
397,Staravia,4,Normal,Flying
398,Staraptor,4,Normal,Flying
399,Bidoof,4,Normal,
400,Bibarel,4,Normal,Water
401,Kricketot,4,Bug,
402,Kricketune,4,Bug,
403,Shinx,4,Electric,
404,Luxio,4,Electric,
405,Luxray,4,Electric,
406,Budew,4,Grass,Poison
407,Roserade,4,Grass,Poison
408,Cranidos,4,Rock,
409,Rampardos,4,Rock,
410,Shieldon,4,Rock,Steel
411,Bastiodon,4,Rock,Steel
412,Burmy,4,Bug,
413,Wormadam,4,Bug,Grass
414,Mothim,4,Bug,Flying
415,Combee,4,Bug,Flying
416,Vespiquen,4,Bug,Flying
417,Pachirisu,4,Electric,
418,Buizel,4,Water,
419,Floatzel,4,Water,
420,Cherubi,4,Grass,
421,Cherrim,4,Grass,
422,Shellos,4,Water,
423,Gastrodon,4,Water,Ground
424,Ambipom,4,Normal,
425,Drifloon,4,Ghost,Flying
426,Drifblim,4,Ghost,Flying
427,Buneary,4,Normal,
428,Lopunny,4,Normal,
429,Mismagius,4,Ghost,
430,Honchkrow,4,Dark,Flying
431,Glameow,4,Normal,
432,Purugly,4,Normal,
433,Chingling,4,Psychic,
434,Stunky,4,Poison,Dark
435,Skuntank,4,Poison,Dark
436,Bronzor,4,Steel,Psychic
437,Bronzong,4,Steel,Psychic
438,Bonsly,4,Rock,
439,Mime Jr.,4,Psychic,Fairy
440,Happiny,4,Normal,
441,Chatot,4,Normal,Flying
442,Spiritomb,4,Ghost,Dark
443,Gible,4,Dragon,Ground
444,Gabite,4,Dragon,Ground
445,Garchomp,4,Dragon,Ground
446,Munchlax,4,Normal,
447,Riolu,4,Fighting,
448,Lucario,4,Fighting,Steel
449,Hippopotas,4,Ground,
450,Hippowdon,4,Ground,
451,Skorupi,4,Poison,Bug
452,Drapion,4,Poison,Dark
453,Croagunk,4,Poison,Fighting
454,Toxicroak,4,Poison,Fighting
455,Carnivine,4,Grass,
456,Finneon,4,Water,
457,Lumineon,4,Water,
458,Mantyke,4,Water,Flying
459,Snover,4,Grass,Ice
460,Abomasnow,4,Grass,Ice
461,Weavile,4,Dark,Ice
462,Magnezone,4,Electric,Steel
463,Lickilicky,4,Normal,
464,Rhyperior,4,Ground,Rock
465,Tangrowth,4,Grass,
466,Electivire,4,Electric,
467,Magmortar,4,Fire,
468,Togekiss,4,Fairy,Flying
469,Yanmega,4,Bug,Flying
470,Leafeon,4,Grass,
471,Glaceon,4,Ice,
472,Gliscor,4,Ground,Flying
473,Mamoswine,4,Ice,Ground
474,Porygon-Z,4,Normal,
475,Gallade,4,Psychic,Fighting
476,Probopass,4,Rock,Steel
477,Dusknoir,4,Ghost,
478,Froslass,4,Ice,Ghost
479,Rotom,4,Electric,Ghost
480,Uxie,4,Psychic,
481,Mesprit,4,Psychic,
482,Azelf,4,Psychic,
483,Dialga,4,Steel,Dragon
484,Palkia,4,Water,Dragon
485,Heatran,4,Fire,Steel
486,Regigigas,4,Normal,
487,Giratina,4,Ghost,Dragon
488,Cresselia,4,Psychic,
489,Phione,4,Water,
490,Manaphy,4,Water,
491,Darkrai,4,Dark,
492,Shaymin,4,Grass,
493,Arceus,4,Normal,
494,Victini,5,Psychic,Fire
495,Snivy,5,Grass,
496,Servine,5,Grass,
497,Serperior,5,Grass,
498,Tepig,5,Fire,
499,Pignite,5,Fire,Fighting
500,Emboar,5,Fire,Fighting
501,Oshawott,5,Water,
502,Dewott,5,Water,
503,Samurott,5,Water,
504,Patrat,5,Normal,
505,Watchog,5,Normal,
506,Lillipup,5,Normal,
507,Herdier,5,Normal,
508,Stoutland,5,Normal,
509,Purrloin,5,Dark,
510,Liepard,5,Dark,
511,Pansage,5,Grass,
512,Simisage,5,Grass,
513,Pansear,5,Fire,
514,Simisear,5,Fire,
515,Panpour,5,Water,
516,Simipour,5,Water,
517,Munna,5,Psychic,
518,Musharna,5,Psychic,
519,Pidove,5,Normal,Flying
520,Tranquill,5,Normal,Flying
521,Unfezant,5,Normal,Flying
522,Blitzle,5,Electric,
523,Zebstrika,5,Electric,
524,Roggenrola,5,Rock,
525,Boldore,5,Rock,
526,Gigalith,5,Rock,
527,Woobat,5,Psychic,Flying
528,Swoobat,5,Psychic,Flying
529,Drilbur,5,Ground,
530,Excadrill,5,Ground,Steel
531,Audino,5,Normal,
532,Timburr,5,Fighting,
533,Gurdurr,5,Fighting,
534,Conkeldurr,5,Fighting,
535,Tympole,5,Water,
536,Palpitoad,5,Water,Ground
537,Seismitoad,5,Water,Ground
538,Throh,5,Fighting,
539,Sawk,5,Fighting,
540,Sewaddle,5,Bug,Grass
541,Swadloon,5,Bug,Grass
542,Leavanny,5,Bug,Grass
543,Venipede,5,Bug,Poison
544,Whirlipede,5,Bug,Poison
545,Scolipede,5,Bug,Poison
546,Cottonee,5,Grass,Fairy
547,Whimsicott,5,Grass,Fairy
548,Petilil,5,Grass,
549,Lilligant,5,Grass,
550,Basculin,5,Water,
551,Sandile,5,Ground,Dark
552,Krokorok,5,Ground,Dark
553,Krookodile,5,Ground,Dark
554,Darumaka,5,Fire,
555,Darmanitan,5,Fire,
556,Maractus,5,Grass,
557,Dwebble,5,Bug,Rock
558,Crustle,5,Bug,Rock
559,Scraggy,5,Dark,Fighting
560,Scrafty,5,Dark,Fighting
561,Sigilyph,5,Psychic,Flying
562,Yamask,5,Ghost,
563,Cofagrigus,5,Ghost,
564,Tirtouga,5,Water,Rock
565,Carracosta,5,Water,Rock
566,Archen,5,Rock,Flying
567,Archeops,5,Rock,Flying
568,Trubbish,5,Poison,
569,Garbodor,5,Poison,
570,Zorua,5,Dark,
571,Zoroark,5,Dark,
572,Minccino,5,Normal,
573,Cinccino,5,Normal,
574,Gothita,5,Psychic,
575,Gothorita,5,Psychic,
576,Gothitelle,5,Psychic,
577,Solosis,5,Psychic,
578,Duosion,5,Psychic,
579,Reuniclus,5,Psychic,
580,Ducklett,5,Water,Flying
581,Swanna,5,Water,Flying
582,Vanillite,5,Ice,
583,Vanillish,5,Ice,
584,Vanilluxe,5,Ice,
585,Deerling,5,Normal,Grass
586,Sawsbuck,5,Normal,Grass
587,Emolga,5,Electric,Flying
588,Karrablast,5,Bug,
589,Escavalier,5,Bug,Steel
590,Foongus,5,Grass,Poison
591,Amoonguss,5,Grass,Poison
592,Frillish,5,Water,Ghost
593,Jellicent,5,Water,Ghost
594,Alomomola,5,Water,
595,Joltik,5,Bug,Electric
596,Galvantula,5,Bug,Electric
597,Ferroseed,5,Grass,Steel
598,Ferrothorn,5,Grass,Steel
599,Klink,5,Steel,
600,Klang,5,Steel,
601,Klinklang,5,Steel,
602,Tynamo,5,Electric,
603,Eelektrik,5,Electric,
604,Eelektross,5,Electric,
605,Elgyem,5,Psychic,
606,Beheeyem,5,Psychic,
607,Litwick,5,Ghost,Fire
608,Lampent,5,Ghost,Fire
609,Chandelure,5,Ghost,Fire
610,Axew,5,Dragon,
611,Fraxure,5,Dragon,
612,Haxorus,5,Dragon,
613,Cubchoo,5,Ice,
614,Beartic,5,Ice,
615,Cryogonal,5,Ice,
616,Shelmet,5,Bug,
617,Accelgor,5,Bug,
618,Stunfisk,5,Ground,Electric
619,Mienfoo,5,Fighting,
620,Mienshao,5,Fighting,
621,Druddigon,5,Dragon,
622,Golett,5,Ground,Ghost
623,Golurk,5,Ground,Ghost
624,Pawniard,5,Dark,Steel
625,Bisharp,5,Dark,Steel
626,Bouffalant,5,Normal,
627,Rufflet,5,Normal,Flying
628,Braviary,5,Normal,Flying
629,Vullaby,5,Dark,Flying
630,Mandibuzz,5,Dark,Flying
631,Heatmor,5,Fire,
632,Durant,5,Bug,Steel
633,Deino,5,Dark,Dragon
634,Zweilous,5,Dark,Dragon
635,Hydreigon,5,Dark,Dragon
636,Larvesta,5,Bug,Fire
637,Volcarona,5,Bug,Fire
638,Cobalion,5,Steel,Fighting
639,Terrakion,5,Rock,Fighting
640,Virizion,5,Grass,Fighting
641,Tornadus,5,Flying,
642,Thundurus,5,Electric,Flying
643,Reshiram,5,Dragon,Fire
644,Zekrom,5,Dragon,Electric
645,Landorus,5,Ground,Flying
646,Kyurem,5,Dragon,Ice
647,Keldeo,5,Water,Fighting
648,Meloetta,5,Normal,Psychic
649,Genesect,5,Bug,Steel
650,Chespin,6,Grass,
651,Quilladin,6,Grass,
652,Chesnaught,6,Grass,Fighting
653,Fennekin,6,Fire,
654,Braixen,6,Fire,
655,Delphox,6,Fire,Psychic
656,Froakie,6,Water,
657,Frogadier,6,Water,
658,Greninja,6,Water,Dark
659,Bunnelby,6,Normal,
660,Diggersby,6,Normal,Ground
661,Fletchling,6,Normal,Flying
662,Fletchinder,6,Fire,Flying
663,Talonflame,6,Fire,Flying
664,Scatterbug,6,Bug,
665,Spewpa,6,Bug,
666,Vivillon,6,Bug,Flying
667,Litleo,6,Fire,Normal
668,Pyroar,6,Fire,Normal
669,Flabebe,6,Fairy,
670,Floette,6,Fairy,
671,Florges,6,Fairy,
672,Skiddo,6,Grass,
673,Gogoat,6,Grass,
674,Pancham,6,Fighting,
675,Pangoro,6,Fighting,Dark
676,Furfrou,6,Normal,
677,Espurr,6,Psychic,
678,Meowstic,6,Psychic,
679,Honedge,6,Steel,Ghost
680,Doublade,6,Steel,Ghost
681,Aegislash,6,Steel,Ghost
682,Spritzee,6,Fairy,
683,Aromatisse,6,Fairy,
684,Swirlix,6,Fairy,
685,Slurpuff,6,Fairy,
686,Inkay,6,Dark,Psychic
687,Malamar,6,Dark,Psychic
688,Binacle,6,Rock,Water
689,Barbaracle,6,Rock,Water
690,Skrelp,6,Poison,Water
691,Dragalge,6,Poison,Dragon
692,Clauncher,6,Water,
693,Clawitzer,6,Water,
694,Helioptile,6,Electric,Normal
695,Heliolisk,6,Electric,Normal
696,Tyrunt,6,Rock,Dragon
697,Tyrantrum,6,Rock,Dragon
698,Amaura,6,Rock,Ice
699,Aurorus,6,Rock,Ice
700,Sylveon,6,Fairy,
701,Hawlucha,6,Fighting,Flying
702,Dedenne,6,Electric,Fairy
703,Carbink,6,Rock,Fairy
704,Goomy,6,Dragon,
705,Sliggoo,6,Dragon,
706,Goodra,6,Dragon,
707,Klefki,6,Steel,Fairy
708,Phantump,6,Ghost,Grass
709,Trevenant,6,Ghost,Grass
710,Pumpkaboo,6,Ghost,Grass
711,Gourgeist,6,Ghost,Grass
712,Bergmite,6,Ice,
713,Avalugg,6,Ice,
714,Noibat,6,Flying,Dragon
715,Noivern,6,Flying,Dragon
716,Xerneas,6,Fairy,
717,Yveltal,6,Dark,Flying
718,Zygarde,6,Dragon,Ground
719,Diancie,6,Rock,Fairy
720,Hoopa,6,Psychic,Ghost
721,Volcanion,6,Fire,Water
722,Rowlet,7,Grass,Flying
723,Dartrix,7,Grass,Flying
724,Decidueye,7,Grass,Ghost
725,Litten,7,Fire,
726,Torracat,7,Fire,
727,Incineroar,7,Fire,Dark
728,Popplio,7,Water,
729,Brionne,7,Water,
730,Primarina,7,Water,Fairy
731,Pikipek,7,Normal,Flying
732,Trumbeak,7,Normal,Flying
733,Toucannon,7,Normal,Flying
734,Yungoos,7,Normal,
735,Gumshoos,7,Normal,
736,Grubbin,7,Bug,
737,Charjabug,7,Bug,Electric
738,Vikavolt,7,Bug,Electric
739,Crabrawler,7,Fighting,
740,Crabominable,7,Fighting,Ice
741,Oricorio,7,Fire,Flying
742,Cutiefly,7,Bug,Fairy
743,Ribombee,7,Bug,Fairy
744,Rockruff,7,Rock,
745,Lycanroc,7,Rock,
746,Wishiwashi,7,Water,
747,Mareanie,7,Poison,Water
748,Toxapex,7,Poison,Water
749,Mudbray,7,Ground,
750,Mudsdale,7,Ground,
751,Dewpider,7,Water,Bug
752,Araquanid,7,Water,Bug
753,Fomantis,7,Grass,
754,Lurantis,7,Grass,
755,Morelull,7,Grass,Fairy
756,Shiinotic,7,Grass,Fairy
757,Salandit,7,Poison,Fire
758,Salazzle,7,Poison,Fire
759,Stufful,7,Normal,Fighting
760,Bewear,7,Normal,Fighting
761,Bounsweet,7,Grass,
762,Steenee,7,Grass,
763,Tsareena,7,Grass,
764,Comfey,7,Fairy,
765,Oranguru,7,Normal,Psychic
766,Passimian,7,Fighting,
767,Wimpod,7,Bug,Water
768,Golisopod,7,Bug,Water
769,Sandygast,7,Ghost,Ground
770,Palossand,7,Ghost,Ground
771,Pyukumuku,7,Water,
772,Type: Null,7,Normal,
773,Silvally,7,Normal,
774,Minior,7,Rock,Flying
775,Komala,7,Normal,
776,Turtonator,7,Fire,Dragon
777,Togedemaru,7,Electric,Steel
778,Mimikyu,7,Ghost,Fairy
779,Bruxish,7,Water,Psychic
780,Drampa,7,Normal,Dragon
781,Dhelmise,7,Ghost,Grass
782,Jangmo-o,7,Dragon,
783,Hakamo-o,7,Dragon,Fighting
784,Kommo-o,7,Dragon,Fighting
785,Tapu Koko,7,Electric,Fairy
786,Tapu Lele,7,Psychic,Fairy
787,Tapu Bulu,7,Grass,Fairy
788,Tapu Fini,7,Water,Fairy
789,Cosmog,7,Psychic,
790,Cosmoem,7,Psychic,
791,Solgaleo,7,Psychic,Steel
792,Lunala,7,Psychic,Ghost
793,Nihilego,7,Rock,Poison
794,Buzzwole,7,Bug,Fighting
795,Pheromosa,7,Bug,Fighting
796,Xurkitree,7,Electric,
797,Celesteela,7,Steel,Flying
798,Kartana,7,Grass,Steel
799,Guzzlord,7,Dark,Dragon
800,Necrozma,7,Psychic,
801,Magearna,7,Steel,Fairy
802,Marshadow,7,Fighting,Ghost
803,Poipole,7,Poison,
804,Naganadel,7,Poison,Dragon
805,Stakataka,7,Rock,Steel
806,Blacephalon,7,Fire,Ghost
807,Zeraora,7,Electric,
808,Meltan,7,Steel,
809,Melmetal,7,Steel,
810,Grookey,8,Grass,
811,Thwackey,8,Grass,
812,Rillaboom,8,Grass,
813,Scorbunny,8,Fire,
814,Raboot,8,Fire,
815,Cinderace,8,Fire,
816,Sobble,8,Water,
817,Drizzile,8,Water,
818,Inteleon,8,Water,
819,Skwovet,8,Normal,
820,Greedent,8,Normal,
821,Rookidee,8,Flying,
822,Corvisquire,8,Flying,
823,Corviknight,8,Flying,Steel
824,Blipbug,8,Bug,
825,Dottler,8,Bug,Psychic
826,Orbeetle,8,Bug,Psychic
827,Nickit,8,Dark,
828,Thievul,8,Dark,
829,Gossifleur,8,Grass,
830,Eldegoss,8,Grass,
831,Wooloo,8,Normal,
832,Dubwool,8,Normal,
833,Chewtle,8,Water,
834,Drednaw,8,Water,Rock
835,Yamper,8,Electric,
836,Boltund,8,Electric,
837,Rolycoly,8,Rock,
838,Carkol,8,Rock,Fire
839,Coalossal,8,Rock,Fire
840,Applin,8,Grass,Dragon
841,Flapple,8,Grass,Dragon
842,Appletun,8,Grass,Dragon
843,Silicobra,8,Ground,
844,Sandaconda,8,Ground,
845,Cramorant,8,Flying,Water
846,Arrokuda,8,Water,
847,Barraskewda,8,Water,
848,Toxel,8,Electric,Poison
849,Toxtricity,8,Electric,Poison
850,Sizzlipede,8,Fire,Bug
851,Centiskorch,8,Fire,Bug
852,Clobbopus,8,Fighting,
853,Grapploct,8,Fighting,
854,Sinistea,8,Ghost,
855,Polteageist,8,Ghost,
856,Hatenna,8,Psychic,
857,Hattrem,8,Psychic,
858,Hatterene,8,Psychic,Fairy
859,Impidimp,8,Dark,Fairy
860,Morgrem,8,Dark,Fairy
861,Grimmsnarl,8,Dark,Fairy
862,Obstagoon,8,Dark,Normal
863,Perrserker,8,Steel,
864,Cursola,8,Ghost,
865,Sirfetch'd,8,Fighting,
866,Mr. Rime,8,Ice,Psychic
867,Runerigus,8,Ground,Ghost
868,Milcery,8,Fairy,
869,Alcremie,8,Fairy,
870,Falinks,8,Fighting,
871,Pincurchin,8,Electric,
872,Snom,8,Ice,Bug
873,Frosmoth,8,Ice,Bug
874,Stonjourner,8,Rock,
875,Eiscue,8,Ice,
876,Indeedee,8,Psychic,Normal
877,Morpeko,8,Electric,Dark
878,Cufant,8,Steel,
879,Copperajah,8,Steel,
880,Dracozolt,8,Electric,Dragon
881,Arctozolt,8,Electric,Ice
882,Dracovish,8,Water,Dragon
883,Arctovish,8,Water,Ice
884,Duraludon,8,Steel,Dragon
885,Dreepy,8,Dragon,Ghost
886,Drakloak,8,Dragon,Ghost
887,Dragapult,8,Dragon,Ghost
888,Zacian,8,Fairy,
889,Zamazenta,8,Fighting,
890,Eternatus,8,Poison,Dragon
891,Kubfu,8,Fighting,
892,Urshifu,8,Fighting,Dark
893,Zarude,8,Dark,Grass
894,Regieleki,8,Electric,
895,Regidrago,8,Dragon,
896,Glastrier,8,Ice,
897,Spectrier,8,Ghost,
898,Calyrex,8,Psychic,Grass
899,Wyrdeer,8,Normal,Psychic
900,Kleavor,8,Bug,Rock
901,Ursaluna,8,Ground,Normal
902,Basculegion,8,Water,Ghost
903,Sneasler,8,Fighting,Poison
904,Overqwil,8,Dark,Poison
905,Enamorus,8,Fairy,Flying
906,Sprigatito,9,Grass,
907,Floragato,9,Grass,
908,Meowscarada,9,Grass,Dark
909,Fuecoco,9,Fire,
910,Crocalor,9,Fire,
911,Skeledirge,9,Fire,Ghost
912,Quaxly,9,Water,
913,Quaxwell,9,Water,
914,Quaquaval,9,Water,Fighting
915,Lechonk,9,Normal,
916,Oinkologne,9,Normal,
917,Tarountula,9,Bug,
918,Spidops,9,Bug,
919,Nymble,9,Bug,
920,Lokix,9,Bug,Dark
921,Pawmi,9,Electric,
922,Pawmo,9,Electric,Fighting
923,Pawmot,9,Electric,Fighting
924,Tandemaus,9,Normal,
925,Maushold,9,Normal,
926,Fidough,9,Fairy,
927,Dachsbun,9,Fairy,
928,Smoliv,9,Grass,Normal
929,Dolliv,9,Grass,Normal
930,Arboliva,9,Grass,Normal
931,Squawkabilly,9,Normal,Flying
932,Nacli,9,Rock,
933,Naclstack,9,Rock,
934,Garganacl,9,Rock,
935,Charcadet,9,Fire,
936,Armarouge,9,Fire,Psychic
937,Ceruledge,9,Fire,Ghost
938,Tadbulb,9,Electric,
939,Bellibolt,9,Electric,
940,Wattrel,9,Electric,Flying
941,Kilowattrel,9,Electric,Flying
942,Maschiff,9,Dark,
943,Mabosstiff,9,Dark,
944,Shroodle,9,Poison,Normal
945,Grafaiai,9,Poison,Normal
946,Bramblin,9,Grass,Ghost
947,Brambleghast,9,Grass,Ghost
948,Toedscool,9,Ground,Grass
949,Toedscruel,9,Ground,Grass
950,Klawf,9,Rock,
951,Capsakid,9,Grass,
952,Scovillain,9,Grass,Fire
953,Rellor,9,Bug,
954,Rabsca,9,Bug,Psychic
955,Flittle,9,Psychic,
956,Espathra,9,Psychic,
957,Tinkatink,9,Fairy,Steel
958,Tinkatuff,9,Fairy,Steel
959,Tinkaton,9,Fairy,Steel
960,Wiglett,9,Water,
961,Wugtrio,9,Water,
962,Bombirdier,9,Flying,Dark
963,Finizen,9,Water,
964,Palafin,9,Water,
965,Varoom,9,Steel,Poison
966,Revavroom,9,Steel,Poison
967,Cyclizar,9,Dragon,Normal
968,Orthworm,9,Steel,
969,Glimmet,9,Rock,Poison
970,Glimmora,9,Rock,Poison
971,Greavard,9,Ghost,
972,Houndstone,9,Ghost,
973,Flamigo,9,Flying,Fighting
974,Cetoddle,9,Ice,
975,Cetitan,9,Ice,
976,Veluza,9,Water,Psychic
977,Dondozo,9,Water,
978,Tatsugiri,9,Dragon,Water
979,Annihilape,9,Fighting,Ghost
980,Clodsire,9,Poison,Ground
981,Farigiraf,9,Normal,Psychic
982,Dudunsparce,9,Normal,
983,Kingambit,9,Dark,Steel
984,Great Tusk,9,Ground,Fighting
985,Scream Tail,9,Fairy,Psychic
986,Brute Bonnet,9,Grass,Dark
987,Flutter Mane,9,Ghost,Fairy
988,Slither Wing,9,Bug,Fighting
989,Sandy Shocks,9,Electric,Ground
990,Iron Treads,9,Ground,Steel
991,Iron Bundle,9,Ice,Water
992,Iron Hands,9,Fighting,Electric
993,Iron Jugulis,9,Dark,Flying
994,Iron Moth,9,Fire,Poison
995,Iron Thorns,9,Rock,Electric
996,Frigibax,9,Dragon,Ice
997,Arctibax,9,Dragon,Ice
998,Baxcalibur,9,Dragon,Ice
999,Gimmighoul,9,Ghost,
1000,Gholdengo,9,Steel,Ghost
1001,Wo-Chien,9,Dark,Grass
1002,Chien-Pao,9,Dark,Ice
1003,Ting-Lu,9,Dark,Ground
1004,Chi-Yu,9,Dark,Fire
1005,Roaring Moon,9,Dragon,Dark
1006,Iron Valiant,9,Fairy,Fighting
1007,Koraidon,9,Fighting,Dragon
1008,Miraidon,9,Electric,Dragon
1009,Walking Wake,9,Water,Dragon
1010,Iron Leaves,9,Grass,Psychic
1011,Dipplin,9,Grass,Dragon
1012,Poltchageist,9,Grass,Ghost
1013,Sinistcha,9,Grass,Ghost
1014,Okidogi,9,Poison,Fighting
1015,Munkidori,9,Poison,Psychic
1016,Fezandipiti,9,Poison,Fairy
1017,Ogerpon,9,Grass,
1018,Archaludon,9,Steel,Dragon
1019,Hydrapple,9,Grass,Dragon
1020,Gouging Fire,9,Fire,Dragon
1021,Raging Bolt,9,Electric,Dragon
1022,Iron Boulder,9,Rock,Psychic
1023,Iron Crown,9,Steel,Psychic
1024,Terapagos,9,Normal,
1025,Pecharunt,9,Poison,Ghost
